title,slug,old_slug,content,excerpt,author,categories,tags,meta_title,meta_description,featured_image_url,featured_image_alt,published_at,article_type
"AI Revolution in Asia: 2024 Trends","ai-revolution-asia-2024","2024/01/ai-revolution","The artificial intelligence landscape in Asia is rapidly evolving. 

In 2024, we're seeing unprecedented growth in AI adoption across various sectors. Companies are investing heavily in machine learning capabilities.

Key trends include:
- Increased government support
- Growing startup ecosystem  
- Enterprise AI adoption

The future looks bright for AI in Asia.","Discover the top AI trends shaping Asia in 2024, from government initiatives to enterprise adoption.","Dr. Sarah Chen","Technology,AI","artificial intelligence,asia,machine learning,2024","AI Revolution in Asia: 2024 Trends | AI in ASIA","Explore the top AI trends transforming Asia in 2024. Learn about government support, startup growth, and enterprise AI adoption across the region.","https://www.aiinasia.com/wp-content/uploads/2024/01/ai-asia-trends.jpg","Futuristic AI technology illustration","2024-01-15T10:30:00Z","article"
"Singapore AI Summit 2024","singapore-ai-summit-2024","events/singapore-summit","Join the premier AI conference in Southeast Asia featuring keynote speakers from leading tech companies and universities.

Date: June 15-17, 2024
Location: Marina Bay Sands, Singapore

Topics covered:
- Responsible AI development
- AI ethics and governance  
- Industry applications
- Research breakthroughs","Join Southeast Asia's premier AI conference with experts from Google, Microsoft, and top universities.","Events Team","Events,Conferences","conference,AI summit,singapore","Singapore AI Summit 2024 | AI in ASIA","Premier AI conference in Southeast Asia. Connect with AI leaders and explore cutting-edge innovations.","https://www.aiinasia.com/wp-content/uploads/2024/02/singapore-summit.jpg","Singapore AI Summit venue","2024-06-15T09:00:00Z","event"
"How to Get Started with Machine Learning","machine-learning-beginners-guide","guides/ml-beginners","Machine learning can seem daunting for beginners, but with the right approach, anyone can get started.

Step 1: Learn Python basics
Python is the most popular language for ML. Start with basic syntax and data structures.

Step 2: Understand key concepts
- Supervised vs unsupervised learning
- Training and testing data
- Model evaluation metrics

Step 3: Practice with datasets
Use platforms like Kaggle to practice with real datasets.

Step 4: Build your first model
Start with simple projects like image classification or sentiment analysis.","Complete beginner's guide to getting started with machine learning. Learn Python, key concepts, and build your first ML model.","James Wong","Tutorials,Machine Learning","beginners,tutorial,python,machine learning","Machine Learning for Beginners 2024 Guide | AI in ASIA","Step-by-step guide to learning machine learning. Perfect for beginners wanting to start their AI journey.","https://www.aiinasia.com/wp-content/uploads/2024/01/ml-guide.jpg","Machine learning tutorial illustration","2024-01-10T08:00:00Z","article"